{"filename":"c:\\worck\\chatgpt\\azurefunctions\\functions\\FunctionHttpDemo\\__azurite_db_blob__.json","collections":[{"name":"$SERVICES_COLLECTION$","data":[],"idIndex":null,"binaryIndices":{},"constraints":null,"uniqueNames":["accountName"],"transforms":{},"objType":"$SERVICES_COLLECTION$","dirty":false,"cachedIndex":null,"cachedBinaryIndex":null,"cachedData":null,"adaptiveBinaryIndices":true,"transactional":false,"cloneObjects":false,"cloneMethod":"parse-stringify","asyncListeners":false,"disableMeta":false,"disableChangesApi":true,"disableDeltaChangesApi":true,"autoupdate":false,"serializableIndices":true,"disableFreeze":true,"ttl":null,"maxId":0,"DynamicViews":[],"events":{"insert":[],"update":[],"pre-insert":[],"pre-update":[],"close":[],"flushbuffer":[],"error":[],"delete":[null],"warning":[null]},"changes":[],"dirtyIds":[]},{"name":"$CONTAINERS_COLLECTION$","data":[{"accountName":"devstoreaccount1","name":"azure-webjobs-secrets","properties":{"etag":"\"0x1F535C448E05940\"","lastModified":"2025-07-06T18:26:00.757Z","leaseStatus":"unlocked","leaseState":"available","hasImmutabilityPolicy":false,"hasLegalHold":false},"meta":{"revision":0,"created":1751826360759,"version":0},"$loki":1},{"accountName":"devstoreaccount1","name":"azure-webjobs-hosts","properties":{"etag":"\"0x26D70B0357A7840\"","lastModified":"2025-07-06T18:26:06.058Z","leaseStatus":"unlocked","leaseState":"available","hasImmutabilityPolicy":false,"hasLegalHold":false},"meta":{"revision":0,"created":1751826366060,"version":0},"$loki":2},{"accountName":"devstoreaccount1","name":"samples-workitems","properties":{"etag":"\"0x20060309F595240\"","lastModified":"2025-07-06T18:44:50.998Z","leaseStatus":"unlocked","leaseState":"available","hasImmutabilityPolicy":false,"hasLegalHold":false},"meta":{"revision":0,"created":1751827490999,"version":0},"$loki":3}],"idIndex":null,"binaryIndices":{"accountName":{"name":"accountName","dirty":false,"values":[2,1,0]},"name":{"name":"name","dirty":false,"values":[1,0,2]}},"constraints":null,"uniqueNames":[],"transforms":{},"objType":"$CONTAINERS_COLLECTION$","dirty":false,"cachedIndex":null,"cachedBinaryIndex":null,"cachedData":null,"adaptiveBinaryIndices":true,"transactional":false,"cloneObjects":false,"cloneMethod":"parse-stringify","asyncListeners":false,"disableMeta":false,"disableChangesApi":true,"disableDeltaChangesApi":true,"autoupdate":false,"serializableIndices":true,"disableFreeze":true,"ttl":null,"maxId":3,"DynamicViews":[],"events":{"insert":[],"update":[],"pre-insert":[],"pre-update":[],"close":[],"flushbuffer":[],"error":[],"delete":[null],"warning":[null]},"changes":[],"dirtyIds":[]},{"name":"$BLOBS_COLLECTION$","data":[{"deleted":false,"accountName":"devstoreaccount1","containerName":"azure-webjobs-secrets","name":"desktopu698d3e-582053610/host.json","properties":{"creationTime":"2025-07-06T18:26:00.918Z","lastModified":"2025-07-06T18:26:00.918Z","etag":"\"0x1C5C5CF9F7E32D0\"","contentLength":628,"contentType":"application/octet-stream","contentMD5":{"type":"Buffer","data":[35,30,65,49,24,31,69,80,181,252,206,255,153,147,57,120]},"blobType":"BlockBlob","leaseStatus":"unlocked","leaseState":"available","serverEncrypted":true,"accessTier":"Hot","accessTierInferred":true,"accessTierChangeTime":"2025-07-06T18:26:00.918Z"},"snapshot":"","isCommitted":true,"persistency":{"id":"5c51598d-6bf0-4465-ad51-ce70b7fb3e58","offset":474,"count":628},"meta":{"revision":0,"created":1751826360935,"version":0},"$loki":2},{"deleted":false,"accountName":"devstoreaccount1","containerName":"azure-webjobs-hosts","name":"locks/desktopu698d3e-582053610/WebJobs.Internal.Blobs.Listener","properties":{"creationTime":"2025-07-06T18:26:06.065Z","lastModified":"2025-07-06T18:26:06.065Z","etag":"\"0x25FF8D65AECC0C0\"","contentLength":0,"contentType":"application/octet-stream","contentMD5":{"type":"Buffer","data":[212,29,140,217,143,0,178,4,233,128,9,152,236,248,66,126]},"blobType":"BlockBlob","leaseStatus":"locked","leaseState":"leased","serverEncrypted":true,"accessTier":"Hot","accessTierInferred":true,"accessTierChangeTime":"2025-07-06T18:26:06.065Z","leaseDuration":"fixed"},"snapshot":"","isCommitted":true,"persistency":{"id":"5c51598d-6bf0-4465-ad51-ce70b7fb3e58","offset":1102,"count":0},"meta":{"revision":794,"created":1751826366069,"version":0,"updated":1751832321801},"$loki":3,"leaseId":"f258d64a-1175-4c8c-98c2-450fcf6c72fe","leaseExpireTime":"2025-07-06T20:05:36.799Z","leaseDurationSeconds":15},{"deleted":false,"metadata":{"FunctionInstance":"0000000000000000000000005E32468E"},"accountName":"devstoreaccount1","containerName":"azure-webjobs-hosts","name":"locks/desktopu698d3e-582053610/host","properties":{"creationTime":"2025-07-06T18:26:10.773Z","lastModified":"2025-07-06T18:26:10.794Z","etag":"\"0x1D574DE85880100\"","contentLength":0,"contentType":"application/octet-stream","contentMD5":{"type":"Buffer","data":[212,29,140,217,143,0,178,4,233,128,9,152,236,248,66,126]},"blobType":"BlockBlob","leaseStatus":"locked","leaseState":"leased","serverEncrypted":true,"accessTier":"Hot","accessTierInferred":true,"accessTierChangeTime":"2025-07-06T18:26:10.773Z","leaseDuration":"fixed"},"snapshot":"","isCommitted":true,"persistency":{"id":"5c51598d-6bf0-4465-ad51-ce70b7fb3e58","offset":1102,"count":0},"meta":{"revision":498,"created":1751826370779,"version":0,"updated":1751832322805},"$loki":4,"leaseId":"0000000000000000000000005E32468E","leaseExpireTime":"2025-07-06T20:05:37.804Z","leaseDurationSeconds":15},{"deleted":false,"accountName":"devstoreaccount1","containerName":"azure-webjobs-hosts","name":"blobreceipts/desktopu698d3e-582053610/Host.Functions.BlobTriggerFunction/\"0x24AF2DACD38DEC0\"/samples-workitems/quittance fevrier 2025.pdf","properties":{"creationTime":"2025-07-06T18:46:46.995Z","lastModified":"2025-07-06T18:46:47.068Z","etag":"\"0x235ECC30C4EB8A0\"","contentLength":0,"contentType":"application/octet-stream","contentMD5":{"type":"Buffer","data":[212,29,140,217,143,0,178,4,233,128,9,152,236,248,66,126]},"blobType":"BlockBlob","leaseStatus":"unlocked","leaseState":"available","serverEncrypted":true,"accessTier":"Hot","accessTierInferred":true,"accessTierChangeTime":"2025-07-06T18:46:46.995Z"},"snapshot":"","isCommitted":true,"persistency":{"id":"5c51598d-6bf0-4465-ad51-ce70b7fb3e58","offset":273308,"count":0},"meta":{"revision":3,"created":1751827606998,"version":0,"updated":1751827607076},"$loki":6},{"accountName":"devstoreaccount1","containerName":"samples-workitems","name":"20250628_105307.jpg","properties":{"creationTime":"2025-07-06T19:56:54.767Z","lastModified":"2025-07-06T19:56:54.767Z","etag":"\"0x232BEF162734C40\"","contentLength":3593282,"contentType":"image/jpeg","contentMD5":{"type":"Buffer","data":[117,234,187,71,25,217,117,97,107,86,133,207,199,88,136,254]},"blobType":"BlockBlob","leaseStatus":"unlocked","leaseState":"available","serverEncrypted":true,"accessTier":"Hot","accessTierInferred":true,"accessTierChangeTime":"2025-07-06T19:56:54.767Z"},"snapshot":"","isCommitted":true,"persistency":{"id":"5c51598d-6bf0-4465-ad51-ce70b7fb3e58","offset":273308,"count":3593282},"meta":{"revision":0,"created":1751831814828,"version":0},"$loki":7},{"deleted":false,"accountName":"devstoreaccount1","containerName":"azure-webjobs-hosts","name":"blobreceipts/desktopu698d3e-582053610/Host.Functions.BlobTriggerFunction/\"0x232BEF162734C40\"/samples-workitems/20250628_105307.jpg","properties":{"creationTime":"2025-07-06T19:56:56.786Z","lastModified":"2025-07-06T19:56:56.812Z","etag":"\"0x2233E14066BEE20\"","contentLength":0,"contentType":"application/octet-stream","contentMD5":{"type":"Buffer","data":[212,29,140,217,143,0,178,4,233,128,9,152,236,248,66,126]},"blobType":"BlockBlob","leaseStatus":"unlocked","leaseState":"available","serverEncrypted":true,"accessTier":"Hot","accessTierInferred":true,"accessTierChangeTime":"2025-07-06T19:56:56.786Z"},"snapshot":"","isCommitted":true,"persistency":{"id":"5c51598d-6bf0-4465-ad51-ce70b7fb3e58","offset":3866590,"count":0},"meta":{"revision":3,"created":1751831816791,"version":0,"updated":1751831816816},"$loki":8}],"idIndex":[2,3,4,6,7,8],"binaryIndices":{"accountName":{"name":"accountName","dirty":false,"values":[2,1,5,4,0,3]},"containerName":{"name":"containerName","dirty":false,"values":[2,1,5,3,0,4]},"name":{"name":"name","dirty":false,"values":[4,5,3,0,1,2]},"snapshot":{"name":"snapshot","dirty":false,"values":[2,1,5,4,0,3]}},"constraints":null,"uniqueNames":[],"transforms":{},"objType":"$BLOBS_COLLECTION$","dirty":false,"cachedIndex":null,"cachedBinaryIndex":null,"cachedData":null,"adaptiveBinaryIndices":true,"transactional":false,"cloneObjects":false,"cloneMethod":"parse-stringify","asyncListeners":false,"disableMeta":false,"disableChangesApi":true,"disableDeltaChangesApi":true,"autoupdate":false,"serializableIndices":true,"disableFreeze":true,"ttl":null,"maxId":8,"DynamicViews":[],"events":{"insert":[],"update":[],"pre-insert":[],"pre-update":[],"close":[],"flushbuffer":[],"error":[],"delete":[null],"warning":[null]},"changes":[],"dirtyIds":[]},{"name":"$BLOCKS_COLLECTION$","data":[],"idIndex":null,"binaryIndices":{"accountName":{"name":"accountName","dirty":false,"values":[]},"containerName":{"name":"containerName","dirty":false,"values":[]},"blobName":{"name":"blobName","dirty":false,"values":[]},"name":{"name":"name","dirty":false,"values":[]}},"constraints":null,"uniqueNames":[],"transforms":{},"objType":"$BLOCKS_COLLECTION$","dirty":false,"cachedIndex":null,"cachedBinaryIndex":null,"cachedData":null,"adaptiveBinaryIndices":true,"transactional":false,"cloneObjects":false,"cloneMethod":"parse-stringify","asyncListeners":false,"disableMeta":false,"disableChangesApi":true,"disableDeltaChangesApi":true,"autoupdate":false,"serializableIndices":true,"disableFreeze":true,"ttl":null,"maxId":0,"DynamicViews":[],"events":{"insert":[],"update":[],"pre-insert":[],"pre-update":[],"close":[],"flushbuffer":[],"error":[],"delete":[null],"warning":[null]},"changes":[],"dirtyIds":[]}],"databaseVersion":1.5,"engineVersion":1.5,"autosave":true,"autosaveInterval":5000,"autosaveHandle":null,"throttledSaves":true,"options":{"persistenceMethod":"fs","autosave":true,"autosaveInterval":5000,"serializationMethod":"normal","destructureDelimiter":"$<\n"},"persistenceMethod":"fs","persistenceAdapter":null,"verbose":false,"events":{"init":[null],"loaded":[],"flushChanges":[],"close":[],"changes":[],"warning":[]},"ENV":"NODEJS"}